nomCours,nomProfesseur,dateInscription,descriptionCours,prix,photo,ressourceList,likes,dislikes,likedBy,dislikedBy
Course 1,Professor 1,2024-05-01,Brief description of course 1,12.336665677324499,https://example.com/photo1.jpg,8a520d3a-75be-438c-9759-efdc4a9a4045;09e11bce-a6f7-4b36-bb31-a6304af4408c;ab210160-b8df-4310-89df-e412602a3146,58,27,80310979-7b36-41bc-9501-1798db6c60a0;c3f3cf31-0ec5-4174-a40e-e9efc95a6007;854c929e-9346-478f-8b42-2a5abdc6515f;3afe660f-fd39-4800-b4a0-dcdcb379e397;beca5952-d466-406a-9939-d363250329db,58738c45-e5e9-451c-b9d1-324b34e804a5;35b8ba58-0992-42b1-8198-f82649e2aa04;2afb1657-ad3c-4bf4-a5b4-3f96ef022eba
Course 2,Professor 2,2024-05-01,Brief description of course 2,27.67212604652897,https://example.com/photo2.jpg,7ebd3368-80ca-40a6-9e88-43e858fe0a14;f915fa79-e724-4164-85b4-f6e2f8707f7f,28,6,800c68ad-6d49-4918-95ed-eca3876614e2;09d06bc2-92a1-467c-9ac4-e7f1c30ee1a8;5cf59896-bbee-4bcb-97cc-899d0c85ecd6;4c9077a2-370b-46ab-9b4a-181c28caeaed;e286de9b-9b3c-4b55-965e-e1a3d2d7c031;676db9b5-702d-4959-8d35-334d59e07d66,7594dc2f-4aed-4d0c-9baa-d71132090a7d;23907bb8-1d95-4614-968a-5acf3ca82785;f9c584b6-67c3-44db-9a32-79ba12495f59
Course 3,Professor 3,2024-05-01,Brief description of course 3,90.4097456006731,https://example.com/photo3.jpg,4f12e228-35c4-4314-b4ac-47f64ec28818;23f937b0-06ed-4d7b-a73a-a4ac51e88dbb;2efee680-029a-412a-9449-8fa3658ab95a,74,43,232e67b4-90a6-4595-bb32-7c43c075d278;53233b53-4a47-465d-8be4-1848fd1b7f6d,e47baa12-718e-495c-aa6d-f4fed7966141;52bcfa72-1872-434f-b4b1-6f1e7e77be71;0caac55d-4424-415e-87d9-e058d6fd22ae
Course 4,Professor 4,2024-05-01,Brief description of course 4,92.47945365397527,https://example.com/photo4.jpg,2203a454-6af4-4459-bef2-c0b301da7ca5;cee2e877-ef61-47ed-b990-3c2e8be103fa;bc1183bf-e113-4009-ae50-30a11d7d4bb1;1cb407f1-74a2-49bf-9cb5-b622fadc7f57,70,36,876c4c99-69d1-4f2e-ac6d-c35e4c97b537;5eaf3947-8adf-4990-93a9-541811a0a714;451b78c1-cf40-4322-a410-d604406b26ed;2b1c4373-cc52-474b-9b98-74eae51f22a1;dadbab79-10f0-44d3-af0a-9502290434b9;fe5523b3-9748-492f-a572-84e3fa86cf48;67b44196-3dbe-486c-8e2d-0da317ff50a3;a88e602b-cc56-4579-a3f4-00bd582c2d24,7a33220e-c441-46a0-9c27-aac40a8e0d01
Course 5,Professor 5,2024-05-01,Brief description of course 5,21.154704810563583,https://example.com/photo5.jpg,6e22e0f5-9ffa-41fe-ba35-e3e8793ea381;79defc1a-73ec-4f8a-abf9-1112e94493e3;ec81b3b9-6ec7-48cd-91cc-b1f93a943b35;28b156d5-c385-4291-a354-a6fc4af7942f,8,33,59f31560-45ea-4264-83e5-1666a20b64bf;91919cbc-6f72-460c-a5a8-db93b8f354b7;08b7a0f9-63f6-4ea7-9f9a-88ae2fe4479c;6bc0dacc-0a74-4ddc-a1e7-eab413f08b0b,ce590287-7568-4cf2-9002-9a63d174641a;fbc8355f-5a2c-4176-8a09-addccec87502;8618abe2-d3bc-4b84-a706-db2993f1df6c;07a93ec3-defc-4ea0-bab9-55274807423f;c874846a-ffbd-4604-ad39-8d58980f5844
Course 6,Professor 6,2024-05-01,Brief description of course 6,94.0320282949114,https://example.com/photo6.jpg,a47f6090-e2a5-4357-bb15-d3daddfe21cb,5,11,a2da5b56-96ca-4841-a0dc-a1d4f636ee34,14856dc1-0a75-4be5-902e-1486b2f0c65b;b91d046d-179f-4f14-83a6-8fa8db7ef6e2;c89574a9-8248-431b-868c-4556cd5da27d;a46f2187-7f67-451e-bb72-4db75ccd48c0;79cce411-670e-4d83-814b-ed8763f27811;1c996452-229a-445a-a9a6-eb4f911546bd
Course 7,Professor 7,2024-05-01,Brief description of course 7,35.952029381925925,https://example.com/photo7.jpg,e65a7a56-d86c-4292-9cda-af2f9fb4e0f3;39560cb3-57e6-4f97-a11a-e7fd9a191524;645c5ef1-f6d6-4fda-9cd7-62100060002f;73204c20-363f-4057-9f7f-81041b3cdb93,33,11,86a8926c-0df8-4738-bff2-28bee7128e94;e9b89d9b-b2e1-419c-a0f0-3b844ab32797;af3a6d34-77b3-4ed5-b165-f66d5fca138a;a53d0264-6255-41b2-9dc2-7e91dfa662cf;fa02987b-ba44-4500-8efa-d86f638da71c;ef12b183-d673-4da5-87d4-154173f22be7;2a50c180-1bc9-4edc-9f97-64102cc1469f;798145a6-99b4-4821-af3f-e8332d792263;51f76e4d-754b-44f1-9b6f-74cddc753d0f;a95e61d5-fd57-42f0-b0ab-48b9aaad50b1;629c22ca-01e5-408f-847c-99f85157f24c;a13bd01f-80af-49a4-9d6e-c038e263a03e;862bc5d0-50be-4950-9d98-fb7f07d9f7e6,5a3d2600-b891-4fce-b0fa-be2d6d2c6332;1a8b6408-9dd6-405b-afeb-3650f92efd35
Course 8,Professor 8,2024-05-01,Brief description of course 8,17.388109858493912,https://example.com/photo8.jpg,4c98328b-405e-48f4-9acf-d25e39ba763c;4308645f-18fa-40cf-bf48-a53fba4603e2;94e9b94e-05aa-49f0-8323-bd028127fb02;aaed0930-97b5-425c-b4bd-dfc659df0c80,2,18,8d9c62af-1206-4d33-9fb4-bd06e15a37f1;6566ff51-4947-4ea3-8c4e-cc604f86ca0a;dbd48f54-4b34-4e3c-99da-29779d5c9efc,
Course 9,Professor 9,2024-05-01,Brief description of course 9,35.4123796757507,https://example.com/photo9.jpg,f235072c-49f6-4650-bed1-5456474bc504;bd8a7722-f1a6-482a-b3a9-fc67a8b1d1fa;04182811-9839-4796-a7bb-78f67805ff99,90,37,2a54ab93-a66f-4b04-b21d-16db4ffc2b4d;ce7f7e54-3274-4e12-9470-8ea96e2a4ab2;f1f4aef4-25e6-47ca-939f-ee743f11888b;0cfee7e8-55be-425d-a581-2b1f6fbe69ef;b2b1547e-b4be-48c7-a72f-9f63aa80bf8d;51a1e3d9-c4d2-4ab2-a1ff-bb076e7c9684,39f63420-6e69-4528-ab8e-1ce3d8a797d1;cabcae46-bd3c-4178-ac3c-df1f5f8596eb;a229b104-c444-4886-b0ad-7436eafa29d9;ed8f1ecd-f573-487b-a612-d4e85b6769a9;5959498a-46b3-468b-86a9-292c4db98d4d
Course 10,Professor 10,2024-05-01,Brief description of course 10,66.66546544788494,https://example.com/photo10.jpg,b104858a-6972-44c6-bb9e-bf4c3949b2e2;545f7625-c533-47bf-95af-b9c1367f1117;9ec14e22-61c1-4e01-8de2-dfd78731dd1e;7ec3085e-d73f-4a02-9c12-df536555f4cd;cd9eb629-65b9-4d36-8d65-2513a5999d70,13,41,938902a3-ee45-467b-9042-899acf92bd52;8a7b4456-6a9b-4b40-87cb-62f9c0429a62;e76a72a1-7bde-40c4-8daf-9628de991d77;03197c37-8657-4b6d-a6fb-7b7bfda4ab41;b297ed8d-7107-402d-947f-c85cb8593893,
Course 11,Professor 11,2024-05-01,Brief description of course 11,16.559985536538452,https://example.com/photo11.jpg,071296ab-d8ae-4c91-93c3-f488b38e702a;0203dcc3-16e4-45c4-af1a-0e1334990f58;5cdec6e9-9653-4ca2-b3f4-3a79f8802d92;a570635c-2b6b-4335-bcff-aa3fc3172e71,4,12,db271417-2200-4256-bf6b-3b6725525716;a73aaa86-311b-47d3-8311-ec3b2d996af3;532b1d6c-b0ae-44cc-9f04-0363fd180eb3,28175e5e-9e25-4e64-9605-a471f60356d1
Course 12,Professor 12,2024-05-01,Brief description of course 12,36.14836238843431,https://example.com/photo12.jpg,09c6be2e-13ea-47c9-913e-d57f1c492314;de601919-1c38-4a7c-b237-5282eeff2255,87,2,7af9f80f-f6f2-4a7d-98e0-4fb860734fcf,c0e4edcf-887e-46bb-89cf-41ae85e12ba5;b41f2647-2e6d-453b-89af-0485d590c000;c8d8e348-3ef0-4029-bdf8-455a24e8df6a;2b2b6f42-d60b-44f3-8016-03fb5b910f0c;67a3a0e9-1278-4340-8873-7c171d63f459;575feb90-ebe8-44d4-b212-69933f7786ed
Course 13,Professor 13,2024-05-01,Brief description of course 13,90.24746116075518,https://example.com/photo13.jpg,f8f4a8cd-1ce2-4b86-96ac-b09599d7c603;7c0471f8-19d6-4b1e-8184-d7b701a29305,87,36,0ebe18fa-200d-4c08-8b90-10f842dde52d;a9488f6a-0463-4bbe-ba63-dc56d938e84d;d2b3d015-fb05-4ac3-bf81-9f0432dc7a5a;9f422241-e65f-4533-9da8-bef4f07a210f,cfed455c-df28-406a-a14d-5c9a37cbba74;d30ce220-ee76-491b-adaa-41aa32082b4c;40eaca9f-b3ac-4046-bfb4-605810c94636;4524fbf0-372f-4fd5-a3d1-bbe1c7e3ca61;ebfbc224-cfa4-4644-bcfd-c95d1d343dd8
Course 14,Professor 14,2024-05-01,Brief description of course 14,78.60872281053301,https://example.com/photo14.jpg,2e0826e8-0238-4655-ba71-4501c90b5998;69002d1a-a6f4-4ded-a861-28d1cda5e743;94bb9fdb-fc97-4b3d-a078-ab802a629b87;f9af4f99-8013-44a8-bb1b-3c73694445f1,72,46,d6c1aa37-a254-4cee-8335-806915642b14;729f5465-40ad-4ff4-9800-78d32f747f2e;e1cc1783-3702-401b-9cc8-499e2acc9473,df47aa50-466b-474a-a706-23a795940ecb;08f3276b-3e62-4ded-ae19-892d64f84186;3aa251c0-898a-4754-ae56-b1985fd4cb31
Course 15,Professor 15,2024-05-01,Brief description of course 15,96.77809406028888,https://example.com/photo15.jpg,d25122d3-ec88-436f-8735-86eb6272f4f0;eac978b0-8e28-4660-8627-489a3b1a634f;3414eda3-1c75-443d-bf3e-b3fe9c92b2a8,73,11,,fc0bbc76-fa87-4544-8962-b0578e55b118;d078f890-24df-45e1-8522-a2627aaaeeec
Course 16,Professor 16,2024-05-01,Brief description of course 16,28.644453136167698,https://example.com/photo16.jpg,0a94f9c7-b0b7-447c-aecd-f7fc10163607,74,22,5136e46f-9d05-4ebb-ac82-e74b6638b6a7;2c0caf82-569d-424d-82df-b9c31841f8b8;5d74a97e-dc89-4ae4-b93b-eb656b1c62b1;c982ca02-7e80-4585-8584-3fb069811606;88c779ec-88e7-4d13-9e11-fec0ec34e723;00619e4a-c133-4f29-bc8b-bacf25caf325;61955a9e-0ef6-4610-863e-eb94fac54e48;b725fba3-6738-4048-bef1-cbf29540a5da,8a081122-a1f2-4bdf-a62a-698d4c5eea08;bcc4afe9-521d-4e38-983c-1470bda5a998;1cbdfc35-73be-4bf7-af2c-8a1382266504;b22a9186-f679-4e75-b922-cf1e6ee17586;cfc791a5-7d09-44de-8037-8c22b9dd280f;bed9aff1-1289-42b6-98fa-67bedbb11a2f;f363a829-2198-4009-9578-b053dfb6ae6b
Course 17,Professor 17,2024-05-01,Brief description of course 17,20.938593932048907,https://example.com/photo17.jpg,abab6e3a-0871-4ab2-b4a4-08e14badec84;21338c23-3f77-4647-9cf1-f6b172d31323;714efbc5-1fcf-4beb-b30d-48108c275ba5,44,39,569b3e9f-c941-406b-af2f-23ae80d002ee;b7c296cb-f10d-47a7-b1f3-116e470df4b0;4c6eab18-1754-4c90-9aae-dbffc695f988;911e0d81-2fd3-4622-8f23-ffbb1acdf398;d32203ef-b658-4122-a318-7e7ce977ed2f;77c016ae-aa20-46c7-ab43-311decadacc3;ca0ca889-ab01-4f00-be90-5a2f9e7b779d;d5b7a592-9407-438f-ba6d-53e89eea6472;f3e86d2e-beeb-45d9-8392-6e16f5667d7b,e9edc93f-a511-48ce-9bce-cfc0fdcfd400
Course 18,Professor 18,2024-05-01,Brief description of course 18,86.9149183886964,https://example.com/photo18.jpg,4e4beaab-4699-44d2-ad07-d73c8ad1dd81,69,31,c8f58542-4ce7-4ea8-9b93-d91b397c94f4;d5982fd5-f2f5-40a1-a2c3-26c2395fe9c7,e75f4e7a-700b-4166-b062-1d61313f2324;c9383247-078f-42cf-a9bf-dc5ab2074d5f
Course 19,Professor 19,2024-05-01,Brief description of course 19,29.947893535201462,https://example.com/photo19.jpg,d3e52617-1f99-4461-bbe9-9a7cc5f51dad;6bfc2611-25be-4f6f-b212-7597d7bc0c6f;05882cae-65de-4974-900a-6d72f1b30c81,7,13,9d8676d0-dd22-4bb3-8b0f-7b363d4ae5a8,ce7c9470-9cea-40b9-96fb-a4751e25473d;b4a3840a-8af1-455c-8e7f-21f84e5f7367;cf393abb-5c1e-4e8b-8571-984c5fc6ec7e;a163dc37-50d0-43cf-bcd6-800f3c87e482
Course 20,Professor 20,2024-05-01,Brief description of course 20,81.25043281464346,https://example.com/photo20.jpg,8ed689cb-7c8c-402a-ab4c-ab65a20d5f0a;5c825f0d-a474-40ea-85a1-5dadff1c2892;e064d1b5-1077-4247-8b37-4014111a03bf,94,28,7d15a019-c5f6-4825-8fbb-3bee5f09c1ee;7c9cee4c-b186-4f35-aaa6-07858c6bf8fe;541e4c54-ec46-4293-89e5-1d7943723c20;0ec11bc5-4fb7-4b51-9d69-ca4413322084;3e83b531-1b78-42d8-96d9-27cb658197f1;ddd08d94-775b-4f70-84dc-490522733c92,612d3590-df33-416f-bf35-cbaad8cf338c
Course 21,Professor 21,2024-05-01,Brief description of course 21,17.629546571093375,https://example.com/photo21.jpg,eecb5423-73aa-412f-8de2-2152439f1bc4;8fa5ae00-528d-47b7-9066-c4a2c41613ea;3a0392a2-10cb-4dbc-9fdd-0cb8b23688a0,30,25,c1a0d4b6-e707-4c60-b5c0-a18f4bd2028d;666f7e05-961e-449f-9bdd-1eb450211a81;3c4fbbfb-7541-4935-b593-181475fbdf54;63dd3bc9-a59b-4b74-b942-24f11f58ad85;878ce5e5-50e4-4e8a-9673-d992785daa5c;9d30d0ca-99c4-4997-9a38-ab66a0d860af,
Course 22,Professor 22,2024-05-01,Brief description of course 22,33.44393221793405,https://example.com/photo22.jpg,59584a1a-fcca-498a-a0a6-350043d1ea03;582c527f-72ca-4a22-be2e-7da6b90891f7;306981ab-3f55-4414-b69d-5cbb38446935,26,26,a5bfda5c-89a1-44b5-a299-ddabca3d50e4;ad8f3ff1-6ab5-4be6-aad4-33e21aee96d1;077afd8c-e63c-4d6a-b44d-ca26bdb2e0db;0be7b665-13ec-4197-b5f1-c4e15a49ce9a;7caeb69b-4a5c-4ddf-b822-fdcc964b5ea5;70618dea-906a-4bcf-b7e7-38f64c5a2115;9a4818c3-a20a-4d6a-87ef-59aa5a6f5361;fb1d74ba-3ac0-4ae8-a434-8d5bb7bd4e0c;7d5970b8-aa6c-4ee8-ab6b-8759f72cbe1c,781d3aee-d59c-4ebf-868b-25655d16267f
Course 23,Professor 23,2024-05-01,Brief description of course 23,38.11765319714781,https://example.com/photo23.jpg,77540bb4-6af2-4b8f-9817-2893e0783962;63cfefdb-b7bb-4904-a383-812bd8b3c0d7;4fe0575f-8048-4404-9d53-2c596d4ffbb7,90,32,5bef63ad-ab32-4b27-bb63-df49d5447ec1;c50af0a2-a3bc-493b-ab3a-f22137911aa9;940a17a6-3d1e-4d7d-8db6-f2354cc51099;63d16f50-97c6-4442-91cc-5608c0a70406;bad5b8e9-5f92-4f55-8b4d-39d1ffc10f16;4595c06d-19e4-455f-93cc-20e5754dc8ee;f418f82a-9974-42f0-a4c6-7a28098d12e0;951f1857-c522-4065-ac1a-9d623807a949,3a8a085d-45f2-41fd-970a-3d51ae1f0918;35c0e75e-8b99-48a1-85a8-4f45fc92da29
Course 24,Professor 24,2024-05-01,Brief description of course 24,72.61453773010281,https://example.com/photo24.jpg,736eba12-88b7-4f3b-a7d8-a251b0290de7;33ec6ab3-32a2-4266-9a7b-8affd7a5a358,7,46,e6198650-0d85-48c1-8b20-ae0d0993fa8d;af07f425-6040-447c-aac7-cc23d6640c27;61007347-f603-4091-9417-43185ab93eb4;f3009b26-8511-4e51-9f80-88de794f75ba;b5dcf3d2-685d-48c3-ab61-28a918f63766;acd4a256-e211-432b-82e2-037c029d2fb8,17c9e8dd-fa93-4d8e-b8cf-011f780dc43a;558ad9b7-bc32-4190-8f21-348799fa53ac;57a5a6d4-41a4-40a6-866b-f367055a832b;6c13d55d-ce91-45bf-acc4-4fe01bf68f26;cc5d89dd-25e1-4aa9-aed0-db35fac030ac
Course 25,Professor 25,2024-05-01,Brief description of course 25,98.7851816529614,https://example.com/photo25.jpg,32df1970-6f5d-48b4-ae38-ed2a4399a289,47,23,239b6242-da93-4a74-8b68-e40e67816ea7;c4ee81a4-aaab-4c66-99cb-d83d8a0c1f87;3188dc30-3daf-4c7b-a91b-76bd241b27b1;6365e471-639b-4441-82d1-9b4ed4993ac2;d089f365-b7ee-46f7-88c4-87b295a9c635,7f0333f4-f823-424f-9248-79781f513d2d;646bc574-0291-4176-a90c-dbeb095ed231;fb8212e6-2ff4-44d2-869d-8b92b609a654
Course 26,Professor 26,2024-05-01,Brief description of course 26,44.37001825244536,https://example.com/photo26.jpg,01de447e-268d-4ae7-8467-671a0d1d6b0c;f2c1c21f-4100-4132-adcf-0f9419de75ea,91,18,eeaf8891-d728-48f8-a464-279ed2653a05;b8778afc-a238-41e5-81e5-42fd200f7a46;bf339038-ac23-49c1-b1a4-b107b0f44637,51c13a3a-71eb-4661-be97-5007d8277cc7;5e45cf2f-28f8-44af-95b8-2a270dc2bb9c;ae30bc2c-04b0-4b91-9922-e99b5fd01394;dcc65b71-cef7-44b5-95bb-a6850e3e12c5
Course 27,Professor 27,2024-05-01,Brief description of course 27,67.44853045623546,https://example.com/photo27.jpg,e6d6af12-eea4-4603-a0c3-e1f4f0b59646;f28c5386-a5ff-438d-9f75-41b548a7691b;b327dca4-e5a0-4c69-a8cb-92c6de8c08ba;cff39e5b-d84a-45bd-9401-157c38aef728,91,37,6b8066a9-fbfa-407d-859e-0e834268c56b;8e02a10f-85a8-42ef-b98c-1b25ebc9576e;d12b6069-4a25-4cf1-b4bf-6737e5fe19eb,394bbb34-9a64-4612-9677-52e2e8148dce;5e554ba5-95e1-4084-b3e5-13caceaeafdf;627e1506-ca76-4139-b877-4a1bca828c6c;93f9a8a5-ca95-41a3-81a2-a6978ae91539;37a1b5f0-28bf-4022-bd40-d32f9b8a83f5;0519bfe6-5c80-47bd-b767-246e23f64799;8e77a7c4-6bab-41c9-be18-324dfaaf1aec
Course 28,Professor 28,2024-05-01,Brief description of course 28,80.58093076119042,https://example.com/photo28.jpg,c8834026-75e7-4871-a76e-b42efe6ae6ac,88,46,ca387543-89da-40a5-9ffa-a7b939b2441a;a13af520-8112-4e09-b506-14ae3193b4bb;fe9e813f-e08b-4a5b-ab09-3f7548744ef4;3deb54ed-6a21-4307-a099-123b077ced21;1bf29658-1ce1-40b8-9396-e3e7a05f686e;c1fc0288-c80f-4712-a36b-9acf3fbf7429;212bbf8a-be53-4c6a-9ce9-66eb9a163167;6a18a528-9f9d-4119-b3ea-385fcbb24b89;94517c1f-409d-42ac-b8ad-f1b6bd987456,
Course 29,Professor 29,2024-05-01,Brief description of course 29,14.972773356299678,https://example.com/photo29.jpg,2e9a3c8c-cb0d-451c-ae28-b05b968985a4,44,10,15846f4a-7e3f-4a5b-bf61-50aad7f85848;87eb0208-f850-46e0-8ccb-06ce72c8db98;19ae7b90-612e-4717-a6e0-a217f6baffdc;9afaa28b-83a2-4e62-bdbe-6ac9b7143ff7;0ef7abb8-58da-4b51-a485-88776fc085e3;8a42ba64-b3a0-4891-9680-8448eaf193bc,4f4f6ffe-3550-43d2-aa10-ce2db48af867;b361f794-79af-493e-aede-8d05023ef580;1e692d19-cb08-4e52-a45b-88815f8cb074;db9e399a-393b-4123-b47d-f1c97bd19e83;0d3670b1-9768-4e2e-8304-5208aaa08c41;8c3cb291-4c8c-496a-886a-8d5cc3314257;b7a82268-118f-4aa1-9416-c5da9bea8629;b05b7ace-347e-48c9-aa07-0087aea90148
Course 30,Professor 30,2024-05-01,Brief description of course 30,43.627919518452245,https://example.com/photo30.jpg,201f48d6-7d62-4169-813c-33d75aa501bc;29ada828-5f14-4b51-a943-53eb607c4b80;e70948c1-525c-48c3-97f1-1137b997d9d2,69,5,09851713-bdf0-44e5-845e-0c2f1f7e1d43;0bfc9365-ef36-496c-95b4-4c53d72df0b9;a1f80054-380f-4f97-b819-fe5d1fc7a2d8,6ccd1595-f40f-433c-8364-12814af5ada5;efdabf27-234f-449c-b57b-5906de8b9856
Course 31,Professor 31,2024-05-01,Brief description of course 31,81.76372996995366,https://example.com/photo31.jpg,ef57ddf8-577a-4406-8268-cc334c66b1f6,37,16,cc64ef86-0cce-4323-b5a4-110c4f72e4ee;05233508-b8fe-45d5-822f-d01c972d5c65;6c6de426-cf8d-474a-9ca3-d55b5ec72831;fe4d13f6-7580-4bf3-9b3d-378cc816226c;978e517c-3806-48ab-92bf-b69dd7a8e3d0;d065205d-cd5d-4632-a7a4-af1fc3e973ec;86c08c62-4df9-4018-87fb-55ea603a798b,90792ee8-5f0b-4d21-b6d8-fda5c73cd6d0;f6209f2c-8600-443c-ae9c-b60b5af25587;234b6008-d17b-4405-b90a-2358fa65c82e;7e08a733-949a-4ad6-a247-42da27cf6e28;febf1ead-0aa2-4018-a321-1d0d82227d9d
Course 32,Professor 32,2024-05-01,Brief description of course 32,95.15149000379941,https://example.com/photo32.jpg,00fbc822-5990-499b-b618-19d7a066b0ee,82,40,5b60ce99-0524-4cbd-b524-26d19cf38bff;51a94a5b-7fff-4dcd-bf76-da125097a8bd;a575d2e7-3144-4124-ade8-0a1cf6a7124d;a73ead81-2ce7-47a2-895d-9b300b0d5ca6;64e88d39-4af3-41d5-b4f4-0203e1c9ce28,3ae00ff0-b5f7-4e5c-8434-a486f586b83d;efd7ac6d-2895-411b-987e-4a413943b069;9d4ab8ae-526f-4509-b70c-a7256520c07d;93a224a6-0c32-44ad-b5d4-b333c53f599d;1adb8027-331e-41c5-902a-2196a072e10f;32861dfc-9f4e-4daf-982b-a48e364bdb99;24d5be7d-2de5-4160-bf95-6007387b77cf;745bf74d-abd2-4b9c-b625-7539c3ecff18
Course 33,Professor 33,2024-05-01,Brief description of course 33,73.83011089993852,https://example.com/photo33.jpg,a076ea7c-02d2-4ddf-be9f-89efaa7f47f6;a6b4006c-13f6-4dc2-a877-05340f337540,34,9,5ed2e291-ace5-4fca-8ccd-7c6a3cbb4204;c6ec0043-a43b-4449-a589-21093a9b11c5;c39c1ce1-f0c8-40d9-b305-666bd7959637;7c52f250-c327-401a-937e-cbd70aecc3f2,a92af4bc-a0ab-40ae-a97a-2708d90356ee;95ea3e55-c785-475a-9013-9d8d6ab60676
Course 34,Professor 34,2024-05-01,Brief description of course 34,27.449467508441522,https://example.com/photo34.jpg,af07ca94-d5f7-400f-849c-2d35c8152834;589e7e1a-07c0-45cb-a4b5-1a4f0ebc2c23;e42ae0c8-b6c1-4ef4-81ca-89c2c6b9af93,92,6,,
Course 35,Professor 35,2024-05-01,Brief description of course 35,29.61997885961045,https://example.com/photo35.jpg,2a7d7ae8-e1ee-4d74-85bd-b846a8b41b5e;b3455f0c-83bc-4c70-be6d-1250b9a8bf5d,59,10,f143a605-f02f-4a5a-9bad-90b912426a98;d19b1221-bd1a-4451-b58f-eef5d33cfb5c,6ba39da7-859d-4429-92aa-43aa23b308b3;73c00597-38dc-4b14-8ca1-175e3ffd7245
Course 36,Professor 36,2024-05-01,Brief description of course 36,69.52788328907684,https://example.com/photo36.jpg,ca14e8a7-3597-4536-ba4e-c4efce7e6349,14,49,78f5e49d-b956-4c85-907c-d27c0c362ec4;ba58b7c2-a80f-4882-add7-8d77ed3ca58f;3402ca5f-60c8-4e8e-a124-5d0dc894ca55;1ada1f7b-428b-48d4-bf4b-40ca7fa292e9;b2dbe2a0-44d9-469e-a3d9-b4a56f5c178e,13b445f2-5c95-4db5-ade3-dc5fdd4391f3
Course 37,Professor 37,2024-05-01,Brief description of course 37,31.922930812195283,https://example.com/photo37.jpg,35138d31-dd00-44a4-a2d3-19b812b8f1eb;0bb116ed-2a7e-41d9-800e-109ed2cafd21;79c55689-7601-4f8a-a774-50e85b670968;de959114-b9a0-49d3-b7e1-a0ef0f0fdcae,48,16,3f318e7e-422a-4ef9-85b8-21b1edb7960f;d3140962-89ab-4ea8-bf00-abb317da8085,de89f121-8342-437f-a3a2-db186d255248;ead25a1c-e450-421e-ab9e-51c286b4223a;d0265dfe-4ba6-4aee-bb4d-e405f8816094
Course 38,Professor 38,2024-05-01,Brief description of course 38,60.01704949540312,https://example.com/photo38.jpg,03a1dd56-d842-424b-9c73-3907c6f889c8;f23a9e87-b9f8-4936-9867-796d7fd78bf2,79,25,88619b1d-a483-4e28-9b0d-5e1e221b65be,293b6631-6e33-4788-b1a9-e447e7748165;03abba5f-d58c-46d1-9acd-3a6529bc8ecb;9486f556-8a55-4e19-88c4-352d11f4c3fe;2f84b1c8-e0c3-4b12-b96a-8bf548c1840f;a293f332-582c-4f93-b677-8e876ece5ad9
Course 39,Professor 39,2024-05-01,Brief description of course 39,91.99002196578067,https://example.com/photo39.jpg,4d300bb2-2c77-442d-b0f1-b6ca067d43ea;8997e222-d793-4726-a1eb-21c3986e9baa;0a13b226-c3a8-4bb5-a053-7ba9b7de5685;4374b5b7-6001-4ba7-a0ce-7c60a083fd44;ae0e8754-2b49-465a-967f-3ea8875b1129,92,6,6ce9b9fe-c5f9-4556-8235-ffdd9f3f1506;085e505f-cf4b-4433-91f5-51b5285223ea;5ba03f53-ed8b-41b5-a3f3-2b48195a52b4;4fbf4a78-49dd-460c-b041-0993c7fc71be;60e0c760-e14c-4bb2-b760-778ab7441be3,745729eb-54df-449c-9845-cfc69b37f350;890ae8d8-6c39-4706-8bc0-e4672b37e550;0c4c374d-22d0-4fef-aff7-3262320d0656;42406fa3-ad24-4ab9-b1c8-ef3b9cff8263;2f60b2f4-c6dc-4169-ab71-f5edac95707d
Course 40,Professor 40,2024-05-01,Brief description of course 40,91.52696186906356,https://example.com/photo40.jpg,a6f6b8d0-4437-42fb-80c5-7c57e1b6587e,21,2,7ca8abcd-786a-4d53-ac9f-0a0742459e07;0bc2e071-61c7-44bb-b174-892176d32b7f;5e59109e-784d-46e7-8711-33f56d7475f7;d0dae86e-ccab-4d6a-b4a1-2283c004e76e;aab0aa0e-4bdb-4451-99d9-918347f15cfa,5b689206-1dd9-4094-ba5f-c9e9a15de56a
Course 41,Professor 41,2024-05-01,Brief description of course 41,50.54429613160606,https://example.com/photo41.jpg,e7573bad-3f81-44a9-87e4-8d4063158b80;07e36a8c-ce2d-4537-af7f-300d18e921a0,62,9,7b6332ce-6a88-460e-ad8b-3046d65f92fa;d4d8a443-ca82-4920-afa5-7373ce9d2523,668b570a-0cf7-4365-9a91-7d860a5070b6;8b6c715f-a406-4318-9a4b-4eccfc7aeed7;7e5ec2ed-5373-4ce8-a639-70cb2eba879b;da16ebbd-adb9-4433-91d4-aa8ff9aebcfd
Course 42,Professor 42,2024-05-01,Brief description of course 42,56.87789849474334,https://example.com/photo42.jpg,094e5fd4-ff68-4333-a10b-7b09b6cc0e33;1e62cad0-1d37-4f94-902a-c87070c6e4c6;eb48f28e-68ad-464e-bfa1-ed09a33c4906,61,47,85a57a89-929f-4935-879c-8bdc3c46eb1e;17529172-1f93-46ab-bcfe-085bb9429db8;a0fa2294-c5c3-43ce-ae16-d9f6b43aa930;faecfdf7-ef9c-45dc-adc5-f0409f89715c;db55ac0b-6eef-4740-b30f-7ec15b39ea9a,e782f5ca-94be-4522-b653-5a9afe3beb9f;0f0dc189-a0cb-4460-8864-12c83a728b82;7c1a13e0-052b-4a10-9609-bdd6348791e9
Course 43,Professor 43,2024-05-01,Brief description of course 43,38.743299598506304,https://example.com/photo43.jpg,d428d205-fd68-40aa-8a0f-511df59ac408;db7f2907-9a80-4c62-8213-d1743774761e,22,23,4fa8608c-53c1-4c10-a924-6191f18a1965;dced2433-60cc-418a-a119-d523aec7bcdf;780b84aa-0a5c-4c4f-8ac2-88eb6c707267;2d92c78a-46cb-455a-aeb2-a7d54f7e0694;64ea066c-7bf5-4740-9799-e7dd6afb5b17;65adc690-4b58-4271-bbe9-bca0a025590b;007b4e87-afc9-4a90-b0a6-a6866efb7208,19cff2fb-d156-49b7-9107-b357339bbc9b;7a239586-958f-492c-8968-283a3add28c0;8ef7107c-4feb-4b7b-9114-99485f7f173b
Course 44,Professor 44,2024-05-01,Brief description of course 44,49.45834470959363,https://example.com/photo44.jpg,278267d2-7a21-41ba-a50d-8b5ba8e3087a;1398109a-fb7a-483b-a40e-3bec1638d634,27,3,7c918f0d-d20b-434f-8f43-ec95212de930;069ba37f-4f11-447e-924c-5606c4631b71;96f77c54-9046-42ca-bb00-c37c32c1af8a,8fc19caa-6047-4af6-ba24-d1a3787c7119;928f763d-05aa-465b-ad4b-ec1caf9abb55;79271525-63dc-431a-afb2-0c38ec5e47db;da33b283-b44f-486e-8695-6db5a217a2a4;28c07ede-52ac-4022-9db5-e2ec7eb5d8f5
Course 45,Professor 45,2024-05-01,Brief description of course 45,84.26470842286679,https://example.com/photo45.jpg,0283dade-7e23-4177-8658-735deb03fbc7;594963a4-6f9e-458c-b29c-77f2abdce386;50444eb3-5a60-4177-81c1-fd74e55eb43a,24,42,07530a72-96c7-4b50-bd07-a44d7f89a7f2;5fa9d03c-b931-4647-ba7d-42da0f8c47ce;e67c661e-9af6-428e-9e68-e56cefcf4601;e2ce458c-e256-4633-a42e-e34045fb25bd;18d892e9-5674-4aec-8f0e-8bd1b0436d8b;24d5bf29-bbf1-4e32-aa87-fca6add150bf;d299c937-b8cb-4d92-ad0b-9426bbce1a19;c16f9038-7ee1-4cdf-940b-eb757c768f2d,254b9228-2284-4de6-85b5-dcb801f2363c;70ae3e0b-1c80-4b78-904a-f98e6a13802d;41a9d3ba-296d-43ea-ac34-34353c3819e9
Course 46,Professor 46,2024-05-01,Brief description of course 46,10.918206087050903,https://example.com/photo46.jpg,bfb9289a-008a-4e7e-b30a-1df5f6bb6ffb;2683c120-c71b-48e6-9e96-602b93743aab;c2baef07-3939-4702-92cb-428d18c76fd5,100,46,5850e0f4-29c9-4827-9df4-589dbf65c5b8;6fca39ff-5fc2-480a-9a83-4340855e6b35;3548feae-ee43-443d-8b43-acfb1bd2c19c;7c1a0a59-0169-4441-8847-83475d1103d9;86973c61-fb46-4e5e-aea0-c671b78492e8;889a2bc9-19ee-4084-a442-cf715edf37f8;a55e50ed-5d04-4053-8b61-6e08244e3a89;7d664ad6-afed-4192-88e1-5517a6e3441e;72c3c583-896e-4461-be3e-aa66b636f4b9,4d5a4a95-9263-448d-9646-61b4117eff2c;223c5f5a-b4ec-46b3-a304-2605670dd669;5f1796a8-940a-4b81-a04b-19c6d31b74f9;8b98d9d6-aad4-4113-9f9b-36a654129431
Course 47,Professor 47,2024-05-01,Brief description of course 47,74.17760385455054,https://example.com/photo47.jpg,e0467efa-2b40-457e-92bb-766a5f024c6b;2dbcbd2a-bdd2-4170-9c0a-a68c4d74d62d;c7862413-86ab-4b8a-a029-aec5934e5f94,21,37,1b8e1370-0afb-4c99-8b01-8a0864ea4ebf;d68c647a-d736-4409-b184-aed7ba94b34d,5e91135d-c08c-4622-aabd-8ad0138e529e;9d40b50e-eeaf-4701-b60b-5c935ebc93a9;48d02898-1305-4216-93ac-acecfdcbc38e
Course 48,Professor 48,2024-05-01,Brief description of course 48,22.023373593386644,https://example.com/photo48.jpg,b77fecc4-b2af-4c40-8fb2-10d176fb6f3c;2966d94c-0230-4b36-b3ba-d22d3631eed2;80939f06-5509-428e-8e4a-23d50321ecba;49b9801a-27a5-4515-abc7-ccceee12c985,27,42,d48c35d8-431d-4869-ae59-fa70b78022cc;614ac5f9-0fcf-46b5-9d56-16db83af98ae;2de68dde-d6c0-432c-a0cb-46607d82b6c3,82ec3afe-2a6b-46cc-abaa-dd6fbfa8795b;8fbeabd6-16f3-4756-9aa6-d1caf90cbdc9;e236f10b-db85-482e-ac7f-6a4166558403;0891f0a2-381f-4b53-979e-ac56352a9ce6;165ad26e-f63a-4f7e-8651-0fe7231578dd;06222d99-1043-4b42-be2d-47148912b2f7
Course 49,Professor 49,2024-05-01,Brief description of course 49,98.91043816339909,https://example.com/photo49.jpg,94a209fe-d53d-4674-bb24-2797c43e9c6d;ac2ad4c7-e11b-4e08-85bc-5cfb65ae1361,26,45,e8ab47e6-2d31-40f4-b87a-d6b34a9cfb1b;1342775c-3f96-4149-a804-369787aef54d,9023495d-2c7e-4395-9f84-27821d789ea8;a7685014-6e99-49d7-9711-8e4649b2fe5c;5f8a9e42-cd28-4e4a-aff4-2d479335e164;17214dd0-fded-4f81-9b23-0e5f520d3c14
Course 50,Professor 50,2024-05-01,Brief description of course 50,83.31600653114519,https://example.com/photo50.jpg,470072bd-e297-4872-8c7f-6483bf2d5e6b;1554a040-56ed-4a1a-b492-06431d3e6231,34,4,0ae103cf-3ddd-4151-9bda-f4bba0f3cc59,4a198a9c-f57e-4b33-aa1d-3aa57e4bbc8a;fe52f817-577b-4c2f-82d4-3b7d96ef04ad
Course 51,Professor 51,2024-05-01,Brief description of course 51,22.549714735536135,https://example.com/photo51.jpg,504c12e6-101b-41d3-8cd8-1cce4ae8a121,19,9,6830bc6c-53db-42c8-945f-1aaf1e0f831a;84c7ec53-2f77-4292-b57e-32123d39b6fe,c7d2b8ab-a0df-4a70-936d-1de49aab38bd;371b9ddb-3f36-4c98-b4ea-4a341d69f467;6b5514fb-9b8f-41ae-ad43-82ec70ecea0e
Course 52,Professor 52,2024-05-01,Brief description of course 52,80.65130614006875,https://example.com/photo52.jpg,d95b5c0f-9ade-4115-a122-82dd4cf3f7f8;e856a8c5-3038-4e7b-b256-7eaf2415ceb8;7d1d64b1-7a46-45a6-9428-03d80de97a7d;ae70fb86-b888-4033-8af0-3b5b59fdb228,79,46,dc155357-0ecc-4e80-a7d4-1da67845fcd9;a5be380e-1b0d-404e-9416-685ef28ba46e;3389165b-db0f-4c4f-88b2-5a570c937205;40d3245b-d54c-4f80-896d-10c677cc2da3;9e822319-8389-4010-8969-f7c1923f7c20,ae1b06d9-68ea-473e-8d9b-79d14b9d0aca;89cd33ab-cc66-415a-9a17-e9014ddd0473
Course 53,Professor 53,2024-05-01,Brief description of course 53,26.30746451888796,https://example.com/photo53.jpg,f969b976-e2d4-4fe8-b1d5-c0aa3f2a762e;6f70bbd1-f69f-42eb-ba49-e56a3ca4b776,97,17,22ca02bb-90fe-4b3c-939c-3937b9bc29b1;355e274b-fe55-427b-8419-723796448a74;c4e2af9a-8222-40d2-a169-a141c31cde61;33dc3fa4-5169-439b-87d2-714e4e66baec,1281235d-1fee-4657-b1ca-af166f4b5c7a;72122997-5873-4850-acfa-5be7a1d0edc5;ebea935f-0b50-4823-b47a-d9eb1d5553b2;4a7fe273-3c4e-4944-afc8-d41d52962780
Course 54,Professor 54,2024-05-01,Brief description of course 54,55.909843148612026,https://example.com/photo54.jpg,e59bd932-bf08-418f-ba3e-8f597055bc76;0724fca9-9d78-46b4-8355-982c66720952,52,18,5270ece9-e898-469e-9082-20f982e0e579;ead0952a-5556-4f74-88eb-d9e3cd8aadcf;d0a304e6-b4e1-46aa-ac2d-a5277bdfca60,3ed818db-b06a-460d-9845-b3bcba7a1a39;466d479b-ca72-401a-a077-434b7b765233
Course 55,Professor 55,2024-05-01,Brief description of course 55,87.59390444291158,https://example.com/photo55.jpg,1d3d7e86-08d0-400c-b5ed-9039f88a7199;ac3c3cd3-b32c-40e3-985e-7e10105932c5,31,27,213101b2-65b7-4685-bc9f-db3a167495bd;574e17ff-2cf6-4314-92c1-4e377905f4af;f241bc03-b93e-49ab-b8df-3163134ce74f;cc57f342-f55c-483d-bc39-da0ce57a2df7;aa1b0ba7-cf22-4b19-a284-79f322fd1d39;c4cd3900-c072-426a-825a-9cd4ec3ecfc1;4f619eae-2427-4a3a-8df0-6ea202be5b8a,91b0dfb7-7b0e-44fb-9c2e-90694703d247;d0e44628-2071-4eee-8ac1-8bb63344845f;de857ddb-9d4a-4f7a-bff7-3f2bdd6d2806;c65f5a80-13b8-4b3b-b7a7-cc1dbeea3d9e;a4a3c82d-8d56-4e42-b954-6f5c54771f79
Course 56,Professor 56,2024-05-01,Brief description of course 56,13.874330398480016,https://example.com/photo56.jpg,0932be3b-cba1-4277-9ffb-d977b01cbe98;62382641-e503-4a99-869e-de6c6d18a680;8882a273-6911-4995-8689-b203c8337ce9,88,33,074168e9-9005-4ae2-8db6-b2ce34686150;f6b0cb6b-71dc-4041-aad5-e6dbbd68ceb8;ee70058a-8c92-4e4c-99da-effd0037e79d;a500b802-b1e9-4bab-a07b-631281b1e794,6ac5321e-bd78-4cda-a624-199fcfb9045e;da3cb308-c490-46bc-aee1-40c7b2973d22;81c16aa9-aa21-4c6c-a9d8-24fb5b7ee7f3;a0b72b5a-0017-4f08-a6b9-e966f8aea139;6fb7fea0-fd9d-4167-bd75-584cc902ee66;45f86d9b-06ef-452a-9d8a-b85629ea32c8
Course 57,Professor 57,2024-05-01,Brief description of course 57,34.05885664053334,https://example.com/photo57.jpg,a573c327-a193-41c2-99b2-e202c017f46c,8,37,db6018f3-f52b-47e8-85d7-86c23af42046;421bcd0f-8e98-433c-8592-cfd845cd9c14;4977bd08-bc9d-41b7-a89c-6d5eff31ae1f;7a6bc07f-516b-419b-8733-dbfcf6a0cb17;92a183eb-9413-4a0f-bcd1-ff0188d97832;3679bb62-4fe7-496f-90fb-6a636528f8c2;a3f9325b-294d-488d-9ca5-fc8e6208a3fd,4e723e8c-78dc-4699-82af-9eb0bb5c60a4;da3a862f-ae18-49db-9b97-63ca0f1e6290;c77785eb-3fa5-4a98-89ca-befe6b88086a;a77336b8-143d-45af-ac7f-e22b7488560c
Course 58,Professor 58,2024-05-01,Brief description of course 58,53.371566033323724,https://example.com/photo58.jpg,d6d7af34-9a0e-4a6d-a2bb-ae59afc3ebc1;694f585a-caa2-434b-8e3b-7937b55975f2,0,50,b7479158-0a80-4564-a0d1-56dafef09ebc;f224e86c-428c-4f27-8701-0850538a033d;aa479d48-c2eb-41c4-a1d3-f9020bbb1763;169c21a6-3f21-4b82-82ff-717e91725322;a441a6bc-06e8-41ed-80f1-0b6f1f3c7b03;78816cac-f65e-49cf-a896-39a006a5c1e4;3de8758c-b195-47ae-9f4d-5d8556e77811;69b5c513-fe68-4087-b5c6-f829a59238f2,4eca508b-566c-42a4-8569-a3c46eb92ea9;899b2c01-4d77-4ad1-97c6-e2dd4da36ba7;29d3aedb-0be1-460a-ae51-5f24f1353bfe;a5d7232e-b07a-4a48-b6e5-946b51c71ed0
Course 59,Professor 59,2024-05-01,Brief description of course 59,32.30902917737485,https://example.com/photo59.jpg,a4e4e3ca-9f49-4ad8-9dbc-3d8e7db9ffca,33,18,c2dac8ba-c014-431d-a1d1-9dc4c32a0579;0c53a1b2-f21b-4cb3-863b-83a541a4b8f7,cd663769-4314-4ea9-b1ca-ab46b9b7de88
Course 60,Professor 60,2024-05-01,Brief description of course 60,80.33464389555611,https://example.com/photo60.jpg,dd4bb3f6-5feb-45f2-99a5-8375ee9fb185;c77180e5-7238-444a-8112-4ad9753a3163;9668f001-b16b-4f9d-89f9-c3195b455bae,85,30,24ec0811-03a7-4d5f-9b69-4e704c718dcf;b71080c0-5108-4d7c-ae98-38ddd2dac7a0;3c596902-e70d-415a-b551-82d5779da7a4;a78cfd88-0044-4932-b124-89d2cda532c6;29b9507e-4676-4252-87bb-f7858790f597;918603c3-e112-45c1-8d85-f625c156d3b1;3ac9d173-0a83-409c-a655-81122ff11421;f869f1f5-1ddc-44e6-91ca-7d831b7bb444,72a8c17f-d35f-4218-bc22-2f808b13e47f;322c624d-88b1-4880-b862-f7b53ec9c859;4f23350f-9b0b-4326-9cbc-41884b3c40af;5fc0dfc9-c01f-46cf-b863-76469ad865a0;610fac5c-8749-49ba-82ad-c30996baed3b;63ae6af8-91dd-472f-b7bd-8c30c7047459;7549f032-0fea-4e1e-ace8-017dc5f10e51
Course 61,Professor 61,2024-05-01,Brief description of course 61,96.25273210083682,https://example.com/photo61.jpg,8c0b4e93-1e72-4404-858b-a5e7469e2f1e;df00d72a-722b-44b9-9904-c4b7870274cb,20,17,029d733d-17b1-4965-8d6c-b9d9bde25193;1884b5ec-6761-48f1-932e-df1e39fd7482,3ece945d-df27-45b9-82c2-324d0bf82c61
Course 62,Professor 62,2024-05-01,Brief description of course 62,33.19900235026623,https://example.com/photo62.jpg,42afcb7f-6ebf-4d01-b32f-8d7647bd7a6d;d9cc1e2f-427a-4875-bd26-55de1c2a0ceb;09297a6b-660e-42e1-899c-9abdf2867be6,32,46,dbc0d6b0-0f10-44d7-89f2-e54e4e8eab22;6746a4be-b4ad-43b5-a438-96ceb86bfa66;c15c2fc6-c5cd-4436-8039-9d473c70390f;61e96124-a900-4818-91b5-0b9a34e6ac1d;2f03268f-cf78-4866-bfd9-44f499a4b024;c6157a7b-e6b8-4d9e-9281-b771bb0bb479,7a512936-9564-494f-9f09-462443343112
Course 63,Professor 63,2024-05-01,Brief description of course 63,85.67395019195213,https://example.com/photo63.jpg,327c694e-24bf-4cac-b6d6-ac190ebe63d5;a003d26c-7a78-469d-823c-b9ab255ca8f7;fa8df8c1-6478-4a94-9206-2f6ed6a8c09a,84,6,6fd7638c-ba21-4160-a0bc-0692d3648b2c;30ec9176-60f6-4eea-bed5-0c63d7530593;7d05ddea-5334-42d7-b719-2dfabbf7f1d0;f6b4584d-c080-4f66-89ad-7cb1af25a5a1,01c56944-8ff0-42b2-931d-8fbfa42adf3a
Course 64,Professor 64,2024-05-01,Brief description of course 64,69.4657710209616,https://example.com/photo64.jpg,d10cfda3-b86c-44ca-ae9e-b5b6de0ea8c0;816c252b-31dd-48fe-a5c4-1f7f598b59a3;5829431f-377f-4683-ba9c-9e61204e2f3a,90,37,83ab5ee5-e8eb-4118-9179-3e85d4cb2235;100be905-7d74-4a81-b41d-b284cff95ae3;b60b9687-9d28-4059-b7d1-423a2c259800;11e6e612-f22d-4acc-a402-3fbfc0d2f749;bbb0ee86-da1e-4b3d-9a94-c27330a494bf;11288247-a374-40d5-9d8e-4d91616cca1f;dfeb10fc-b78e-478d-9933-c0992507ca60,b28cc36b-8eb5-460c-8be6-8df4a04dd4d7;e89c5439-207c-42ec-b6b9-3772f297122b
Course 65,Professor 65,2024-05-01,Brief description of course 65,74.6344006675727,https://example.com/photo65.jpg,8f599fd1-db27-49d6-8a4f-e391be750bca;10cf9c24-43da-4e68-91b7-d925d955df82,14,35,f3807054-3c33-465b-a925-8baa4b88d10d;b107b713-ca87-4cf7-9e28-93ea572a87ae;dedd7ff8-e839-4925-968f-d5d0984eb67b,7dfe74d6-711c-4dd2-854f-e825cfcf9ec0;4cb644c0-cc11-422b-8f46-b58cb1500b3d;315d9f0b-8418-4d38-a1f2-e3cc6926e44f;bc21a42d-a72c-4661-9984-bb990c12c1bf
Course 66,Professor 66,2024-05-01,Brief description of course 66,38.97358487247914,https://example.com/photo66.jpg,06018da6-7650-4174-8938-75ed549da269;82151ad9-f1bc-41f3-b1ee-b5f39f863383,65,37,e6d11721-9572-4a54-a4e5-e75f572a23e9;cc65a906-1bbc-4fe4-83ec-61c5fb6d66fc;0e62ea8b-e2b5-49fd-ab84-e8e58c1c3903;19a35553-37a5-4b22-ab84-6df3ae909cbc,b60c21d2-74d0-47d7-aae3-98ab079cbb2b;0eb1d94b-8e4a-4018-85d7-c8ca7eefd332;f434fc42-c97b-42d0-9886-ce72ac5ced9a
Course 67,Professor 67,2024-05-01,Brief description of course 67,83.7759098489994,https://example.com/photo67.jpg,f964066b-5f55-49c3-ad5e-68fb56535b07;331b7b3a-115e-4317-9d66-ff89050b0491,19,44,6bf8a126-1a27-4928-8418-840078205149;ac2e8a23-e1a7-4bc9-aeac-ba4e9e1db47b;d99ab1c5-385f-4514-877b-0540d78ae5b1,7330a067-f5ff-4bca-adab-366a226aa8a9;1e066f20-512c-4899-81eb-4f6ab4a2e6e6;c095b1fd-7c36-4ba9-b009-6c88c55ea2ca;3a373593-1120-41a5-86cf-ef43efc82d0b
Course 68,Professor 68,2024-05-01,Brief description of course 68,97.39624195670545,https://example.com/photo68.jpg,287609ef-cf72-4624-b560-233028f36312;4078c0c6-4133-43af-ae21-c6fa821445bb,70,6,41f8bc8b-3c37-4a97-9f43-2ee3c3c417de;7d9063c5-b4c5-4fce-a45d-f329433c3ec7;a6ee2383-4d3a-4421-a704-86a5c094a389;022a9693-a0d4-412c-ab91-0fe69bb5ea2c;ccd5e33d-8555-4813-ba00-09c07a592f55;c8430155-eb88-4aae-94bb-67c8426e2513;855b1dff-a363-404b-907d-e0bc34a02daf;fa63c008-2066-4983-bd79-a1db51f40731;4a95274c-6bfe-4176-9e10-8d9a7e83e180,05f44bad-2194-44cd-bcf7-154b68a96e40;d60ac47f-91a4-46f7-8a34-54c04920538d;da6dead0-c384-462e-b3a6-db27e822fbd9;4a0c16d1-7166-48d3-8736-9ac8190d133c;5ae97a5c-3a15-4c86-9aaa-9b06503c13ff
Course 69,Professor 69,2024-05-01,Brief description of course 69,70.23602570284399,https://example.com/photo69.jpg,8e2fc9fc-8145-4cf7-9840-46827478b5f2;4d604a0f-5243-45b7-ab53-a000675736dc,90,24,158c7161-0b83-4300-9663-313759647de0;40a7ef04-dafe-4289-afcc-4482229b69d9,1db5528d-1b33-438e-b32c-c6d7fe7ce0e4
Course 70,Professor 70,2024-05-01,Brief description of course 70,75.1631513644271,https://example.com/photo70.jpg,74e72d60-00ed-4f8c-b2ac-1146e0b9e11b;ae301128-e8ed-4a28-acd7-980ea93e7ef8;50666b33-5ecf-49d9-af86-08064da42bf8;48887d2b-6d9c-4b31-b205-df30ea961597,1,32,06fea72b-c6be-46d6-a495-b907383a79a3;47060765-9734-44d8-bb21-2a1d7d5685b8;cb384bd9-9bad-49ec-8657-9302f10e8444;efb2d882-f8ca-44e8-be6c-b664b368c87c;c2ba74a2-68af-45e1-94a4-f0205e50c9c9;12124a3c-aed3-4f62-af27-538544a7e797,ff064ca9-a327-419a-9e5c-a5181ae2b7e3;9523b0b3-cd64-415f-90ca-dabd190081f4;beae7372-6069-4942-ba65-de56e59a1c8f;8fade243-85b2-4a64-b7b1-c45ba17f2390
Course 71,Professor 71,2024-05-01,Brief description of course 71,72.59866705007443,https://example.com/photo71.jpg,0bfc0816-8756-46d5-952b-04e4bfc689f4;a40aa201-8037-4119-a96e-5cc2d01ab896,100,19,d3339fb5-0df2-4f04-86fb-038ab70f8f46;75bf71a7-64d1-4180-b63d-8e8842d0bec0;2e48f505-43ce-4526-9a39-864555a2677b,
Course 72,Professor 72,2024-05-01,Brief description of course 72,67.78361046556952,https://example.com/photo72.jpg,627d3914-9b8d-466a-8f12-6ce2701a47c0;f5b6bb96-a682-4b08-85ea-a1ec45f3c491,18,7,5f3d145e-9187-42c4-918d-7797128cbded;cb48956f-b432-4b1a-9d29-452fd6285b71;0c42d9df-ec1e-4bc5-8080-18649fb06b80,9514ce85-c2ba-4090-9458-d86b3b1e9ec7;b996c17a-218f-48e7-b277-f48f3c02cbbd;9b54524a-4aa2-4040-8189-255ee7106283;a2a943d2-a3c3-4cb8-b3d3-0db89f746567;dae556f0-9e38-44a3-ba1a-b6589fad33ef
Course 73,Professor 73,2024-05-01,Brief description of course 73,91.28573526778302,https://example.com/photo73.jpg,0038e917-1e33-4703-8fba-107ffccde9b9;254249ff-82eb-4283-b691-f5355dd554fe;716e2a78-9a88-4667-8f41-28d22c50ddd3,23,31,27abbb0e-fcdf-40fb-86d6-599f17274cff,6c189da6-20a7-4028-adc0-f61e665355f3;cfc1de00-12f8-455c-b4f4-6e8eea197db0;02d0a7c3-97d5-4463-9dea-50d868fc21b5;ebeb1b77-0f16-40c7-a958-c3564ac4c4ef
Course 74,Professor 74,2024-05-01,Brief description of course 74,58.23567046299911,https://example.com/photo74.jpg,531e1cee-5eed-45b2-8283-04d8de2de084;f586eb30-0d1a-49bd-aeb2-b1cca88ac531,38,4,bc94d29c-bc05-4c7b-8a92-e85d160e258c,07531019-d0ec-43eb-95ed-f84813c4f436
Course 75,Professor 75,2024-05-01,Brief description of course 75,25.040874966897313,https://example.com/photo75.jpg,e1554cdd-241d-492f-b8b7-f1c93bbf2d87,87,36,bc5e7356-dd54-4b46-8f22-2c55e5a5a63a,19ccbae4-0342-46a6-9edb-5558baa1b93f;61b4855d-2782-41c5-8cdd-38b157c95280;d4b9882d-ff5d-4767-8c99-d13bfcf6032c;97db7f30-a33c-4387-be44-628a58c7e8b0
Course 76,Professor 76,2024-05-01,Brief description of course 76,34.02192138593304,https://example.com/photo76.jpg,157a4089-6f1f-4a7b-bfe9-3f5da9e87681;241ddce3-97f8-4fbc-a435-6d1e3e7386ce;093d491f-d46b-4bce-8d12-3e39d92b4f40,18,39,f6b9fc2e-a443-4304-93f1-8ee565461bd1;7078e2ef-c80f-4359-995b-a2e09011c035;6cb84f6b-ca66-4808-bb3d-ca14ed50738a;721dbb0b-b05c-4731-aedd-15edf3fd976b;6e2e1dc3-3a78-4b95-a986-2533187e14a8,
Course 77,Professor 77,2024-05-01,Brief description of course 77,40.36570612496503,https://example.com/photo77.jpg,b4a5c4ae-8b60-41a1-b9dc-a42e7c851223;a4bf20db-8c48-4b59-b78c-01e3903a0e4b;5d71d18c-8365-496e-b261-e5758eaa7589,26,42,e7f1fec6-a7c8-41da-bd83-c3dedda893ae;0e40160b-7c9f-4b25-b884-7558310f66a5;3ead9e90-c9e3-496b-bc91-54f32e5a7e07;2c685b85-733a-40f8-8f91-a74843d9271e;084fbb98-0556-419c-bc86-6a98fb096638;6ad403f3-c3ae-491a-ad42-fb82c0e1f9d1,
Course 78,Professor 78,2024-05-01,Brief description of course 78,69.37745044195259,https://example.com/photo78.jpg,a721b8b3-5989-4389-b250-eddcf0453e2f;3ae1dbef-c5dc-488a-b73b-bfda608e5f6b,75,37,72ffba19-bfe1-48eb-8d1a-1ace85e69705;717d188c-c38c-495c-921b-8f241c686cf9,
Course 79,Professor 79,2024-05-01,Brief description of course 79,29.67193817634997,https://example.com/photo79.jpg,a9ad532b-e762-495a-9754-ce2666927efc;4d6450dd-9497-407f-bdd3-483c31691686;a180600f-716c-4501-abd8-5bd960c0401a;2ab783ea-620f-4110-83c6-5a45016fc454,88,39,ba1725e5-57d7-4d27-a801-1bc6dad633cc;9209aa0a-5ca7-41b9-b915-4db5bfb9563b;8ea149f1-2dc1-4c50-95c9-5c71aaa4143f;648ce9ea-31a4-47d4-a0ef-e7c4d2df55c0;af8ec2dd-88e5-4a75-9588-adf135297edf,52cc4f0c-f59b-4435-958a-80a29529f8e7;c9409805-088e-44d9-8fb3-224ef7e3beef;7a96e637-7d76-43df-9815-7fe1307af7cb;dac04a69-26ab-40a9-a269-6b7fcf2133da
Course 80,Professor 80,2024-05-01,Brief description of course 80,72.87031711546959,https://example.com/photo80.jpg,4a971626-26cc-43ec-991b-1b6138946673,26,28,ae630788-b438-44fc-abbd-1f6489ff8d00;2ce5553c-63a1-4c83-a054-5e5077a0cf13;6a5faa3b-ad4d-44dd-8f4a-3d58283be1be;5a9809eb-8fdf-48eb-8f5c-2136aabd3c8e;a9d7a16c-3e40-4815-b2d4-19506ff16049;313dae1d-c411-4026-8a72-b94ef8733257;c262d959-7c45-4213-add9-c98a9d8546b0,fa9104df-5619-4a1f-9a0d-ce011d8757b5;589b66f2-9257-47e5-a6d5-7156f7621000;7dde9aab-c01b-44b6-999d-be759f9787ae;612fecf2-ffa7-4794-858c-f71d42989e6a
Course 81,Professor 81,2024-05-01,Brief description of course 81,59.455780431959106,https://example.com/photo81.jpg,86600819-4fd4-46bf-8673-184d8a04a1b1;b55fd62c-3151-4313-b346-ef6c965e52e1;7879d870-d8de-4677-ac1f-cf8dd809872c;fa4db8e0-3c64-4559-bd67-61d877b2c03a,45,48,feb4de30-e4be-4125-aeb6-66802514f090;41d6f42e-3510-415a-9056-b6e3b85c09fd;d499e7b8-5ea3-4666-a25f-cba8cb01bb7e;61425131-3dfd-4c01-829b-6cbc485f45e1;127d0d5b-d7b4-4fb7-8538-dbe5cfec21c8;abcc5883-d48e-4c1c-b649-e666096407b2,cebcf306-2b23-44b7-9239-66258d388b76;dcc9f173-7d27-46bd-8c0e-595632655831;564f84f5-d0e6-4f20-a1f2-77c01d06c8f5
Course 82,Professor 82,2024-05-01,Brief description of course 82,88.33900260452555,https://example.com/photo82.jpg,c254a7ac-8880-4c93-868c-9e3a4a20f7d0;a74b1228-3f61-47cd-9a1a-f32079a30f30;991b586d-e65e-4c3a-b739-5d01859f67fd;31e6610a-fce9-487c-96b8-711627abfde1,99,6,66cc2beb-6847-43a2-9db0-5aab9f99a351,
Course 83,Professor 83,2024-05-01,Brief description of course 83,99.42223773052145,https://example.com/photo83.jpg,8160e6fa-0d3b-4441-a5c0-1b81d5a8e699,6,7,9807f0d8-e97d-41f0-afd4-cea2f611fc52,0ad1275d-004d-4920-ae63-ede2dc2891b8;ecd15100-325a-43e9-8622-f9f2c49ed127
Course 84,Professor 84,2024-05-01,Brief description of course 84,24.19148815720639,https://example.com/photo84.jpg,35026261-ba2d-492b-9f5e-5c746291064c;b37d8468-4db8-4452-a040-eca3bb8ac4d4,65,18,3d1898f0-a065-48fc-9942-afd1b3e4a1bc;78706b69-87cf-40c6-9206-5dac00ca188b,8f33c764-2df7-424b-b617-00d8e932dfca
Course 85,Professor 85,2024-05-01,Brief description of course 85,69.91165356768437,https://example.com/photo85.jpg,4a0c2624-490c-4e7a-ba05-c97f308b008f;c0d0782a-e492-4ce9-a32d-0ce459bca666,24,46,0dcbe458-b395-4b84-8044-d85db3d70a5e;e40ce35c-052b-4af3-88b4-bd139c47367e;de591aec-ba67-4926-99af-a6ef9a4f314a;cc7d811f-87c5-4146-bcf9-a7502c82e86f;211a065c-f2c2-4595-9c13-446012105a9f;bd64ad3c-ea7b-43a1-a132-616b37ba0c53;52430a21-fcce-427e-af6e-878d9750f247;bb3a3706-7d99-4efa-833c-972d51d62b8c;8fb98e34-53b9-4e8b-9ec9-59a8b483b979,7bb1d6b2-e785-4d25-972c-95190c1a6f1a;5ee0d040-354d-4a22-87a8-bd3dfe7f27b5;0bb81be4-ee14-4a34-859a-6f55dcb15a72;aa74d9fb-2b6e-451e-880b-38c992c5714c;fa6876f3-5fad-477f-8c7e-6dd8c617f3dd;eeaf2d02-9d94-472c-9d5b-da172276f72f
Course 86,Professor 86,2024-05-01,Brief description of course 86,42.27083404568546,https://example.com/photo86.jpg,5e6bae5a-21d2-4014-b708-77835cec25a7;8639457a-6828-4455-8720-09295bc7a5a9;ce926d4b-095c-45d1-ad91-3a7670f5ec73,65,28,f8fd77b3-7a18-40f7-a4e6-6ad573b9748d;6f8de4b3-ede1-4232-bb77-aa5b931b4e84;c4880260-37dc-45d3-ada5-265a3543072f;ff6f582d-086a-46d4-926f-f97e80dba5f8;b21c9327-06bf-4bd5-a517-ce4038ca0e29,315a9462-dfab-4403-933d-417c10790826;6263fc6b-3341-4c54-9a7a-212defc5384e;0889ba12-46ff-49f4-bd8f-0bcdd719a694;ec6c0923-b6e0-4bdc-b260-89332bce166e;ca76d87d-6a84-4d8e-9ba0-bd8279acb6f2
Course 87,Professor 87,2024-05-01,Brief description of course 87,75.64198357355393,https://example.com/photo87.jpg,97739c68-4305-4a63-998a-fd579f005120,72,29,6b56105a-e64d-44e7-b67f-69e089d07a70;d21be1e7-8f48-4864-a2fb-b5bbc116829f;728eef5f-0615-4eef-9cc8-4dc6756aec75;2d33548b-cc32-4423-96d5-bfc28c146fb5;0d77311a-fb17-421d-b75a-6a99101fe0d3;9fe74843-7176-4db3-bc78-e9a8ac9ee2fe,fae3b546-c249-4591-997f-98bd222e59fe
Course 88,Professor 88,2024-05-01,Brief description of course 88,20.015299867857717,https://example.com/photo88.jpg,4ccb4e47-841f-47d0-a3b9-dbfdadadd15a;d3748c5a-db29-4e68-9d05-ed8042258437;f7b6d62a-0f38-49b4-82f3-d164a00464fa,15,12,f0d3fe3d-6cbd-4099-811e-3fb7d320119e;bc9afe0a-8b4c-4598-be91-1d0a2a077f02;64209e82-d0ee-467f-b72e-b4404f7e24f3,fdeac14f-3540-437c-9b6b-410b5a793b83;95f271e8-4e75-45e0-86af-1d50936f6c8f;ec8e89a5-31cd-4e08-a7fe-6172995205bb;3796b863-ee15-49c4-85bd-305ca585f121
Course 89,Professor 89,2024-05-01,Brief description of course 89,58.96011701879119,https://example.com/photo89.jpg,bbf41e57-f19c-437d-8a25-d3b4a477f39f;e3b74688-8679-4023-9e64-c55184e6ea14,23,29,7d964b77-0327-4f7a-ae38-52bfa1ea9bb4;d2625131-d074-46c5-8fe4-1e5a6e392307;24bcf8fa-39fc-4c07-abe5-c5b36bfea811;9691a3e2-051b-4d9f-a6fe-3eea25fa2d22;a276b925-fab2-4d20-80b1-602507bc254d;84ea9728-7857-4b2a-91af-85a3c460e27b;e7f910ab-c008-4533-8a85-2ee950a71d95;8fbf2661-f1e1-427e-8699-76f15834a6bc,5543d463-0542-4507-9b0a-bf7f1db23cfb;54da14eb-f795-45fa-aa44-7af445518adc
Course 90,Professor 90,2024-05-01,Brief description of course 90,56.29741486896097,https://example.com/photo90.jpg,2e650a0c-4b3e-4681-85a7-b9faa297d3ef,70,27,,6a17bc94-3c5e-43e3-a319-d5f409d82627;02d80105-7995-4ca5-9c0e-68e517deaecd
Course 91,Professor 91,2024-05-01,Brief description of course 91,15.944202916364372,https://example.com/photo91.jpg,7f3a2ce7-458d-4087-9b31-a4bc329667e9;6efc404a-5d6e-4f82-9f4c-57ddd183b0ad;f0aada1c-8541-41e4-b59e-1b3bb23dc479;2d83f4b0-d3d2-4d43-8802-e0d5e89e4a5e,46,17,ef963a44-0286-4ecc-b254-2db7f018b898;5a5af3ce-b042-4257-a27a-e316f6bd1afe;464b9ab5-5c7a-44a8-a158-9169013c7f07;ab04ee3e-31f1-4eff-9df8-43ae6d800b94;3ab7e457-d19f-4fe2-a454-c2f702aefea8;c8a9ab17-ed23-46e9-b2f6-02db60ae8aa8;95625008-9837-4045-9ffe-a1522b648f9e;e5df372d-c417-4bd3-b7dd-069e310967f1,03fbd9f1-5e17-4eea-ab6e-0e42fea885a7;1dac8132-affe-4afc-8408-116a12a1d65c
Course 92,Professor 92,2024-05-01,Brief description of course 92,90.29956340601193,https://example.com/photo92.jpg,6b576ca9-0c3d-47c9-8a4f-54a794813d7e;554ce6f2-f0c1-4bd7-9a99-c56dce2916eb,6,3,,bfeed4f9-0c14-417f-ba6c-018d9ed97f03;e2ab4d6e-f6eb-4d5a-b38c-45fb74d6a1da;321a55c6-adb5-4e47-a3af-3d389c82f901;8b184351-0a0e-4e36-ac1b-aec673f51d50;22803621-d8a8-42ed-bc72-7d6691128cd9
Course 93,Professor 93,2024-05-01,Brief description of course 93,87.26470995259722,https://example.com/photo93.jpg,42b6232b-0571-4605-8b08-6be0d7a5c7f8;9eedc7bb-475d-4d3a-a49f-b42ea4886615,18,1,b096e478-9c85-42e6-94e5-0b81c814679c;dac9ad4d-1bff-47dc-975e-74f9d75d0a22;23deb0db-25ef-4afe-9180-7ab2a8280b6b;bf802f17-0c45-49e3-9305-a7cca881b0d4;a47cb898-8409-490d-b74c-c381debcb0e5;7c262a38-89d8-4261-8234-c0f3879c6041;d1fb12ca-be4e-41c2-b508-5058ccb97421,7d27a930-de6b-4fe7-a945-3dafc93c3d3f;c9355461-7764-481f-8dc9-db4e874fdd41;c7bbbd72-0344-4605-bda1-ae40403ba7f2
Course 94,Professor 94,2024-05-01,Brief description of course 94,92.79018297128995,https://example.com/photo94.jpg,df3a0f74-6838-429d-91ca-d0d14a1d3f0a,97,17,b91dd78e-e6b4-4356-8b53-1c583494f0fd;cbf6cb7f-c77b-4855-9860-2c7eda51e46d;e88b33e6-f1e3-47d0-a811-d9f11ea03f01;5523a682-7a59-417f-8dca-b608be91e2aa;3fdc7fcd-598a-4ead-8e8b-d73d8a423f92,
Course 95,Professor 95,2024-05-01,Brief description of course 95,65.2727250591436,https://example.com/photo95.jpg,486cb8d3-405d-4ec6-811f-150fe2241837,25,26,ae32cfae-5450-466f-9579-4be19a13ce95;aa3c237b-7685-44f3-8bb7-2a0174b2cdd5;9d6eafed-3af2-42e6-a825-30f251f982b0;3c6a4f6b-b2e8-41ad-8c6e-9281c07627a0;bf4a5e61-1962-4f99-96a0-dc2bb5e3359d,06ecfffc-3d1c-4822-beed-928b154233eb;8c8727f5-cd0b-415b-84b3-c18d7d5ab462;9e83191a-687e-426d-af7b-89221fd94963;fe319022-81c1-40ce-a4fe-b292390f80d3
Course 96,Professor 96,2024-05-01,Brief description of course 96,74.41824589095178,https://example.com/photo96.jpg,89bcab8d-0823-430a-ad28-150348392f4d;7327e153-dadc-41c3-9a1d-f24f89d273b9,6,49,9a7f676a-c346-4377-a26f-7f0f6d4a0b64;87e9935c-64e3-4372-9787-1e4aebfaf68e;7da06d78-479d-40e3-bd1f-79dc8663e267;997892a4-7e3a-4249-9e65-d74cb0d32fc9;b5ee64ea-366d-4d16-b17b-c35316c0e4a4;1e8259f6-dc28-44c1-8008-493b6510935d;d67b2d11-f73c-4bd7-80cd-7b79b507419d;641cac22-d5a3-4989-9196-2f2b02d7116b;d6ddfbc9-9d33-49c1-a186-cf7f9d256cd8;28b394e3-354c-4dbd-8efd-c469196c6781;dc00d565-c257-4604-94fe-6d863c140a78;f5531c49-7511-48a1-aeaa-171c22b29031,
Course 97,Professor 97,2024-05-01,Brief description of course 97,76.51868053761967,https://example.com/photo97.jpg,3d7caeb0-1479-40ed-aed0-26b2931566fb;6117120f-bb25-4238-936e-764facd1d965,97,31,,4132b3dd-a997-4ad6-a425-74a490e3272f;ec8d3c14-3c36-4d8c-8f02-a559c99a9440;d223fded-b387-4533-a987-8508596c3dac
Course 98,Professor 98,2024-05-01,Brief description of course 98,23.134842819226183,https://example.com/photo98.jpg,f9a2a947-c1d3-41ae-acc9-2192c9c9f5eb;8ed214fc-48c0-48bc-baa5-55790fa0d9c0;f457380f-6f13-435a-be8e-658ced8d41fa,79,27,dec18b6b-d121-4ec7-8032-a0d2a5b9fb11;032db2dc-5f4c-48ff-b463-2ba9b83dbc7a;82bb9fcb-ffb8-4bac-9b5d-ed90d9188ed1;800c13d9-0c7e-4f13-96de-1953f0a55448;a41bcb74-fbb2-4f48-a215-badcacff2b1e,610df729-588c-43f7-ac52-0923d166cb7c;6c8a6866-b014-4e86-9e66-b23601180224;b4ad39e5-f6a6-4206-88b9-04b8f908a360;769929db-7e6e-48d5-baec-fba7187a8a44;6a87b6f2-430a-4d96-b24b-fe9fbb05dbd8
Course 99,Professor 99,2024-05-01,Brief description of course 99,93.86712424866677,https://example.com/photo99.jpg,d0169a13-5c8c-4e56-8cd3-257b4da948a6;87998970-7b4e-4541-97cd-468d76802a69;afd40a88-edfb-424e-b672-bd20c42b39e2;419c2d39-4f45-4bae-89d9-588ec41635eb;ed01c3d4-9321-45de-9271-3ea37c0f4834,13,19,bf769123-4f28-4f22-90ef-fd6d0acfe835;1b071c79-9296-4bce-aebb-ac3e11433f41;d5007f3f-15a2-4889-b830-34feccd09090;d6e80fda-b925-4fd1-9987-0f9e2a89ecdf;1017c3ce-cdc9-47f6-ac15-9f5b134fd03d,ff1f5cc1-ca7c-4237-8ee5-15b04e3f21e7
Course 100,Professor 100,2024-05-01,Brief description of course 100,16.49117024645663,https://example.com/photo100.jpg,c69b0af6-2461-4351-b315-d7020112938e,82,42,d1e091ab-0285-4809-b3ce-2621fd0851ef;403dea29-1cd4-4c68-b596-634af82eaedd;f8a5f181-870b-42df-b012-6aa7e19c667a;27f5272d-313c-4163-bb35-be99bb764fd2;a2986e7f-4a2a-4bff-9ffc-95942086248e,10d62fe4-1d72-4035-b8ba-cb90e73d9f78
